ssn,role,birth_date,hire_date,termination_date,gross_compensation,plan_year_compensation,capped_compensation,pre_tax_deferral_percentage,pre_tax_contributions,employer_non_elective_contribution,employer_match_contribution
DUMMY_EX_356000_000001,Manager,1979-04-10,2018-02-13,,140124.14,140124.14,140124.14,3,4203.72,2802.48,4203.72
DUMMY_EX_474860_000002,Executive,1976-10-19,2016-12-13,,458318.95,458318.95,345000.0,4,18332.76,9166.38,13749.57
DUMMY_EX_216872_000003,Staff,1958-05-14,2011-08-14,,80384.01,80384.01,80384.01,5,4019.2,1607.68,2411.52
DUMMY_EX_800071_000004,Staff,1962-04-26,2013-09-08,,70270.77,70270.77,70270.77,4,2810.83,1405.42,2108.12
DUMMY_EX_145963_000005,Manager,1983-11-10,2018-06-27,,158168.59,158168.59,158168.59,3,4745.06,3163.37,4745.06
DUMMY_EX_746347_000006,Manager,1977-04-06,2011-09-13,,213465.07,213465.07,213465.07,0,0.0,4269.3,0.0
DUMMY_EX_571821_000007,Staff,1993-11-19,2024-08-28,,54822.54,18723.55,18723.55,3,561.71,374.47,561.71
DUMMY_EX_137065_000008,Staff,1974-09-21,2012-02-04,,53251.27,53251.27,53251.27,7,3727.59,1065.03,1597.54
DUMMY_EX_384482_000009,Staff,1989-04-25,2021-11-02,,61274.87,61274.87,61274.87,10,6127.49,1225.5,1838.25
DUMMY_EX_243932_000010,Staff,1964-09-24,2018-02-19,,84477.41,84477.41,84477.41,6,5068.64,1689.55,2534.32
DUMMY_EX_711906_000011,Staff,1992-03-09,2017-05-15,,50463.82,50463.82,50463.82,0,0.0,1009.28,0.0
DUMMY_EX_227469_000012,Manager,1972-05-24,2023-09-21,,206296.07,206296.07,206296.07,0,0.0,4125.92,0.0
DUMMY_EX_528265_000013,Staff,1970-02-18,2011-02-08,,84635.59,84635.59,84635.59,4,3385.42,1692.71,2539.07
DUMMY_EX_652163_000014,Staff,1974-01-13,2015-09-14,,81339.79,81339.79,81339.79,4,3253.59,1626.8,2440.19
DUMMY_EX_365337_000015,Staff,1988-08-28,2010-05-23,,39582.75,39582.75,39582.75,5,1979.14,791.66,1187.48
DUMMY_EX_832207_000016,Manager,1968-04-06,2019-06-23,,124932.64,124932.64,124932.64,3,3747.98,2498.65,3747.98
DUMMY_EX_270897_000017,Manager,1995-06-20,2022-08-05,,180047.9,180047.9,180047.9,9,16204.31,3600.96,5401.44
DUMMY_EX_372255_000018,Staff,1981-01-12,2016-01-03,,51999.73,51999.73,51999.73,4,2079.99,1039.99,1559.99
DUMMY_EX_851198_000019,Staff,1991-08-16,2020-11-07,,53525.05,53525.05,53525.05,3,1605.75,1070.5,1605.75
DUMMY_EX_534243_000020,Staff,1992-01-07,2015-06-17,,86267.2,86267.2,86267.2,3,2588.02,1725.34,2588.02
DUMMY_EX_214626_000021,Staff,1991-10-01,2017-07-11,,54684.16,54684.16,54684.16,5,2734.21,1093.68,1640.52
DUMMY_EX_155048_000022,Manager,1977-06-25,2014-10-19,,242055.21,242055.21,242055.21,1,2420.55,4841.1,2420.55
DUMMY_EX_528932_000023,Staff,1985-11-15,2021-12-17,,58779.91,58779.91,58779.91,1,587.8,1175.6,587.8
DUMMY_EX_627408_000024,Staff,1980-11-18,2013-05-07,,70949.83,70949.83,70949.83,0,0.0,1419.0,0.0
DUMMY_EX_581767_000025,Manager,1984-05-08,2016-12-01,,149729.28,149729.28,149729.28,3,4491.88,2994.59,4491.88
DUMMY_EX_346380_000026,Staff,1983-06-14,2010-05-01,,53827.42,53827.42,53827.42,2,1076.55,1076.55,1076.55
DUMMY_EX_484555_000027,Staff,1970-11-04,2014-08-12,,66063.75,66063.75,66063.75,1,660.64,1321.28,660.64
DUMMY_EX_498024_000028,Staff,1997-08-07,2018-07-16,,48870.79,48870.79,48870.79,4,1954.83,977.42,1466.12
DUMMY_EX_564903_000029,Staff,1994-02-11,2019-07-27,,50001.96,50001.96,50001.96,5,2500.1,1000.04,1500.06
DUMMY_EX_383429_000030,Staff,1974-12-06,2020-10-20,,48159.75,48159.75,48159.75,0,0.0,963.2,0.0
DUMMY_EX_239440_000031,Staff,1977-06-02,2016-06-09,,65034.72,65034.72,65034.72,4,2601.39,1300.69,1951.04
DUMMY_EX_128621_000032,Staff,1989-03-26,2014-05-29,,58416.53,58416.53,58416.53,3,1752.5,1168.33,1752.5
DUMMY_EX_718104_000033,Staff,1979-05-17,2021-12-11,,53909.54,53909.54,53909.54,0,0.0,1078.19,0.0
DUMMY_EX_337360_000034,Manager,1993-11-15,2015-08-22,,249989.79,249989.79,249989.79,10,23000.0,4999.8,7499.69
DUMMY_EX_932000_000035,Staff,1980-10-02,2007-07-19,,57990.51,57990.51,57990.51,7,4059.34,1159.81,1739.72
DUMMY_EX_906601_000036,Manager,1990-12-04,2021-08-18,,133100.0,133100.0,133100.0,0,0.0,2662.0,0.0
DUMMY_EX_885593_000037,Staff,1999-07-28,2021-07-20,,47899.29,47899.29,47899.29,4,1915.97,957.99,1436.98
DUMMY_EX_243131_000038,Staff,1993-06-12,2024-12-06,,44518.49,3040.88,3040.88,3,91.23,60.82,91.23
DUMMY_EX_186589_000039,Staff,1963-06-14,2023-03-14,,58050.07,58050.07,58050.07,5,2902.5,1161.0,1741.5
DUMMY_EX_593695_000040,Staff,1972-09-12,2018-02-06,,55767.12,55767.12,55767.12,3,1673.01,1115.34,1673.01
DUMMY_EX_235570_000041,Manager,1992-10-18,2013-09-03,,154502.49,154502.49,154502.49,4,6180.1,3090.05,4635.07
DUMMY_EX_926026_000042,Staff,1990-06-05,2014-02-28,,40349.07,40349.07,40349.07,10,4034.91,806.98,1210.47
DUMMY_EX_196872_000043,Staff,1985-08-19,2024-04-30,,43507.07,29123.59,29123.59,0,0.0,582.47,0.0
DUMMY_EX_937396_000044,Staff,1986-09-09,2017-09-07,,54135.18,54135.18,54135.18,1,541.35,1082.7,541.35
DUMMY_EX_948785_000045,Manager,2005-11-27,2024-04-17,,148466.94,104657.02,104657.02,3,3139.71,2093.14,3139.71
DUMMY_EX_214305_000046,Staff,1983-02-05,2013-09-12,,66713.5,66713.5,66713.5,4,2668.54,1334.27,2001.4
DUMMY_EX_452262_000047,Staff,1989-05-01,2018-03-19,,68048.14,68048.14,68048.14,0,0.0,1360.96,0.0
DUMMY_EX_207162_000048,Staff,1981-02-02,2006-04-15,,58204.07,58204.07,58204.07,3,1746.12,1164.08,1746.12
DUMMY_EX_591477_000049,Staff,1995-03-11,2022-03-16,,43323.83,43323.83,43323.83,6,2599.43,866.48,1299.71
DUMMY_EX_165090_000050,Staff,1999-07-01,2020-04-16,,60871.23,60871.23,60871.23,1,608.71,1217.42,608.71
DUMMY_EX_182160_000051,Manager,1991-11-22,2023-03-11,,157234.92,157234.92,157234.92,3,4717.05,3144.7,4717.05
DUMMY_EX_156402_000052,Staff,1965-10-01,2015-05-29,,83307.55,83307.55,83307.55,0,0.0,1666.15,0.0
DUMMY_EX_930603_000053,Executive,1989-05-13,2015-06-18,,302726.59,302726.59,302726.59,4,12109.06,6054.53,9081.8
DUMMY_EX_349051_000054,Staff,1991-07-24,2015-03-18,,61294.92,61294.92,61294.92,3,1838.85,1225.9,1838.85
DUMMY_EX_425798_000055,Staff,1980-04-27,2017-08-24,,67653.98,67653.98,67653.98,0,0.0,1353.08,0.0
DUMMY_EX_255433_000056,Staff,1973-01-17,2021-01-09,,79242.72,79242.72,79242.72,3,2377.28,1584.85,2377.28
DUMMY_EX_294485_000057,Staff,2003-07-11,2024-07-18,,40402.06,18324.43,18324.43,2,366.49,366.49,366.49
DUMMY_EX_274584_000058,Staff,1978-09-24,2018-10-03,,69611.63,69611.63,69611.63,6,4176.7,1392.23,2088.35
DUMMY_EX_650900_000059,Staff,1987-03-28,2021-11-22,,74350.31,74350.31,74350.31,5,3717.52,1487.01,2230.51
DUMMY_EX_350933_000060,Executive,1972-04-17,2017-04-04,,565278.75,565278.75,345000.0,4,22611.15,11305.58,16958.36
DUMMY_EX_399828_000061,Staff,1975-05-22,2017-09-19,,50120.86,50120.86,50120.86,2,1002.42,1002.42,1002.42
DUMMY_EX_865918_000062,Staff,1995-10-18,2016-01-26,,63507.75,63507.75,63507.75,3,1905.23,1270.16,1905.23
DUMMY_EX_948840_000063,Staff,1987-06-24,2020-06-14,,74156.14,74156.14,74156.14,7,5190.93,1483.12,2224.68
DUMMY_EX_486890_000064,Staff,1979-04-24,2008-11-21,,65137.38,65137.38,65137.38,4,2605.5,1302.75,1954.12
DUMMY_EX_643422_000065,Staff,1978-08-02,2020-12-26,,48995.42,48995.42,48995.42,10,4899.54,979.91,1469.86
DUMMY_EX_114830_000066,Staff,1985-05-14,2015-11-14,,83428.88,83428.88,83428.88,3,2502.87,1668.58,2502.87
DUMMY_EX_877560_000067,Staff,1984-01-14,2022-06-03,,51602.19,51602.19,51602.19,3,1548.07,1032.04,1548.07
DUMMY_EX_335636_000068,Staff,1980-04-09,2019-06-06,,71043.93,71043.93,71043.93,3,2131.32,1420.88,2131.32
DUMMY_EX_439971_000069,Manager,1971-03-26,2009-10-23,,143042.26,143042.26,143042.26,3,4291.27,2860.85,4291.27
DUMMY_EX_711322_000070,Staff,2003-12-25,2024-02-13,,74068.63,65164.2,65164.2,6,3909.85,1303.28,1954.93
DUMMY_EX_500481_000071,Staff,1987-01-13,2015-09-06,,85058.06,85058.06,85058.06,10,8505.81,1701.16,2551.74
DUMMY_EX_588690_000072,Staff,1973-08-06,2011-09-21,,86485.98,86485.98,86485.98,6,5189.16,1729.72,2594.58
DUMMY_EX_611005_000073,Staff,1990-03-08,2018-06-11,,71672.54,71672.54,71672.54,2,1433.45,1433.45,1433.45
DUMMY_EX_954683_000074,Executive,1977-02-20,2022-05-07,,420810.97,420810.97,345000.0,3,12624.33,8416.22,12624.33
DUMMY_EX_607948_000075,Staff,1988-06-08,2014-12-22,,51981.76,51981.76,51981.76,3,1559.45,1039.64,1559.45
DUMMY_EX_984846_000076,Manager,1996-05-15,2018-07-13,,132996.64,132996.64,132996.64,6,7979.8,2659.93,3989.9
DUMMY_EX_219405_000077,Staff,1986-03-26,2020-12-01,,62466.52,62466.52,62466.52,3,1874.0,1249.33,1874.0
DUMMY_EX_153995_000078,Staff,1977-04-15,2018-02-04,,46399.57,46399.57,46399.57,0,0.0,927.99,0.0
DUMMY_EX_196209_000079,Staff,1975-11-01,2011-06-11,,79435.22,79435.22,79435.22,5,3971.76,1588.7,2383.06
DUMMY_EX_824885_000080,Staff,1976-07-21,2014-05-04,,61197.5,61197.5,61197.5,4,2447.9,1223.95,1835.92
DUMMY_EX_937165_000081,Manager,1973-02-02,2013-07-18,,179862.42,179862.42,179862.42,3,5395.87,3597.25,5395.87
DUMMY_EX_774821_000082,Staff,1995-04-21,2014-05-03,,46061.4,46061.4,46061.4,0,0.0,921.23,0.0
DUMMY_EX_725790_000083,Staff,2004-07-03,2023-12-08,,60936.86,60936.86,60936.86,0,0.0,1218.74,0.0
DUMMY_EX_120899_000084,Staff,1971-08-21,2016-11-06,,62098.57,62098.57,62098.57,3,1862.96,1241.97,1862.96
DUMMY_EX_662475_000085,Staff,2002-07-20,2021-08-02,,41751.84,41751.84,41751.84,10,4175.18,835.04,1252.56
DUMMY_EX_903898_000086,Staff,1971-08-11,2017-12-21,,67827.82,67827.82,67827.82,5,3391.39,1356.56,2034.83
DUMMY_EX_597074_000087,Staff,1983-11-28,2018-10-20,,54444.87,54444.87,54444.87,3,1633.35,1088.9,1633.35
DUMMY_EX_777783_000088,Manager,1982-06-21,2018-05-28,,190333.49,190333.49,190333.49,5,9516.67,3806.67,5710.0
DUMMY_EX_141522_000089,Staff,1988-12-18,2020-11-03,,48375.1,48375.1,48375.1,3,1451.25,967.5,1451.25
DUMMY_EX_710213_000090,Staff,1976-06-19,2011-12-01,,35013.86,35013.86,35013.86,6,2100.83,700.28,1050.42
DUMMY_EX_843043_000091,Staff,2001-01-14,2023-10-27,,39895.6,39895.6,39895.6,4,1595.82,797.91,1196.87
DUMMY_EX_486799_000092,Manager,1979-07-16,2019-10-17,,170464.64,170464.64,170464.64,3,5113.94,3409.29,5113.94
DUMMY_EX_572904_000093,Staff,1988-05-18,2020-04-21,,46535.29,46535.29,46535.29,0,0.0,930.71,0.0
DUMMY_EX_241443_000094,Executive,1976-07-10,2008-07-14,,308527.99,308527.99,308527.99,0,0.0,6170.56,0.0
DUMMY_EX_430875_000095,Executive,1961-09-03,2024-06-06,,352586.33,200376.93,200376.93,5,10018.85,4007.54,6011.31
DUMMY_EX_291790_000096,Staff,1970-06-26,2020-06-22,,54931.62,54931.62,54931.62,3,1647.95,1098.63,1647.95
DUMMY_EX_529766_000097,Staff,1974-02-18,2022-02-23,,61947.89,61947.89,61947.89,8,4955.83,1238.96,1858.44
DUMMY_EX_257856_000098,Staff,1959-09-28,2013-05-06,,69074.09,69074.09,69074.09,3,2072.22,1381.48,2072.22
DUMMY_EX_772885_000099,Staff,1986-12-03,2018-08-30,,53529.81,53529.81,53529.81,3,1605.89,1070.6,1605.89
DUMMY_EX_705912_000100,Staff,1962-12-13,2022-07-29,,62765.0,62765.0,62765.0,3,1882.95,1255.3,1882.95
